주식	https://finance.naver.com/
비트코인	https://upbit.com/
환율	https://finance.naver.com/marketindex/
부동산	https://hogangnono.com/
전세	https://kbland.kr/
공무원	https://www.mpm.go.kr/mpm/info/resultPay/bizSalary/
택배	https://service.epost.go.kr/iservice/usr/charge/EpoPstDmstcChargeList.jsp
택시	https://kakaomobility.com/
지하철	https://map.naver.com/p/subway
병원	https://www.hira.or.kr/
영화	https://www.cgv.co.kr/
음악	https://www.melon.com/ticket/index.htm
드라마	https://www.netflix.com/kr/
웹툰	https://comic.naver.com/
커피	https://www.starbucks.co.kr/menu/drink_list.do
치킨	https://www.kyochon.com/menu/chicken.asp
야구	https://statiz.co.kr/
축구	https://www.kleague.com/
골프	https://www.teescanner.com/
항공권	https://flightdeal.kr/
호텔	https://www.goodchoice.kr/
캠핑	https://www.gocamping.or.kr/
영어	https://www.toeic.co.kr/
수능	https://www.ebs.co.kr/
맛집	https://www.siksinhot.com/
헬스	https://www.da-gym.co.kr/
로또	https://dhlottery.co.kr/
노트북	https://search.danawa.com/dsearch.php?query=%EB%85%B8%ED%8A%B8%EB%B6%81
스마트폰	https://search.danawa.com/dsearch.php?query=%EC%8A%A4%EB%A7%88%ED%8A%B8%ED%8F%B0
태블릿	https://search.danawa.com/dsearch.php?query=%ED%83%9C%EB%B8%94%EB%A6%BF
모니터	https://search.danawa.com/dsearch.php?query=%EB%AA%A8%EB%8B%88%ED%84%B0
키보드	https://search.danawa.com/dsearch.php?query=%ED%82%A4%EB%B3%B4%EB%93%9C
마우스	https://search.danawa.com/dsearch.php?query=%EB%A7%88%EC%9A%B0%EC%8A%A4
무선이어폰	https://search.danawa.com/dsearch.php?query=%EB%AC%B4%EC%84%A0%EC%9D%B4%EC%96%B4%ED%8F%B0
이어폰	https://search.danawa.com/dsearch.php?query=%EC%9D%B4%EC%96%B4%ED%8F%B0
충전기	https://search.danawa.com/dsearch.php?query=%EC%B6%A9%EC%A0%84%EA%B8%B0
에어컨	https://search.danawa.com/dsearch.php?query=%EC%97%90%EC%96%B4%EC%BB%A8
냉장고	https://search.danawa.com/dsearch.php?query=%EB%83%89%EC%9E%A5%EA%B3%A0
세탁기	https://search.danawa.com/dsearch.php?query=%EC%84%B8%ED%83%81%EA%B8%B0
공기청정기	https://search.danawa.com/dsearch.php?query=%EA%B3%B5%EA%B8%B0%EC%B2%AD%EC%A0%95%EA%B8%B0
정수기	https://search.danawa.com/dsearch.php?query=%EC%A0%95%EC%88%98%EA%B8%B0
에어프라이어	https://search.danawa.com/dsearch.php?query=%EC%97%90%EC%96%B4%ED%94%84%EB%9D%BC%EC%9D%B4%EC%96%B4
전기밥솥	https://search.danawa.com/dsearch.php?query=%EC%A0%84%EA%B8%B0%EB%B0%A5%EC%86%A5
텀블러	https://search.danawa.com/dsearch.php?query=%ED%85%80%EB%B8%94%EB%9F%AC
유모차	https://search.danawa.com/dsearch.php?query=%EC%9C%A0%EB%AA%A8%EC%B0%A8
분유	https://search.danawa.com/dsearch.php?query=%EB%B6%84%EC%9C%A0
등산화	https://www.musinsa.com/search/goods?keyword=%EB%93%B1%EC%82%B0%ED%99%94
요가매트	https://search.shopping.naver.com/search/all?query=%EC%9A%94%EA%B0%80%EB%A7%A4%ED%8A%B8
자전거	https://search.shopping.naver.com/search/all?query=%EC%9E%90%EC%A0%84%EA%B1%B0
운동화	https://www.musinsa.com/search/goods?keyword=%EC%9A%B4%EB%8F%99%ED%99%94
청바지	https://www.musinsa.com/search/goods?keyword=%EC%B2%AD%EB%B0%94%EC%A7%80
원피스	https://www.musinsa.com/search/goods?keyword=%EC%9B%90%ED%94%BC%EC%8A%A4
코트	https://www.musinsa.com/search/goods?keyword=%EC%BD%94%ED%8A%B8
후드티	https://www.musinsa.com/search/goods?keyword=%ED%9B%84%EB%93%9C%ED%8B%B0
가디건	https://www.musinsa.com/search/goods?keyword=%EA%B0%80%EB%94%94%EA%B1%B4
티셔츠	https://www.musinsa.com/search/goods?keyword=%ED%8B%B0%EC%85%94%EC%B8%A0
슬리퍼	https://www.musinsa.com/search/goods?keyword=%EC%8A%AC%EB%A6%AC%ED%8D%BC
백팩	https://www.musinsa.com/search/goods?keyword=%EB%B0%B1%ED%8C%A9
선글라스	https://www.musinsa.com/search/goods?keyword=%EC%84%A0%EA%B8%80%EB%9D%BC%EC%8A%A4
선크림	https://www.hwahae.co.kr/search?query=%EC%84%A0%ED%81%AC%EB%A6%BC
립스틱	https://www.hwahae.co.kr/search?query=%EB%A6%BD%EC%8A%A4%ED%8B%B1
마스크팩	https://www.hwahae.co.kr/search?query=%EB%A7%88%EC%8A%A4%ED%81%AC%ED%8C%A9
쿠션	https://www.hwahae.co.kr/search?query=%EC%BF%A0%EC%85%98
향수	https://www.hwahae.co.kr/search?query=%ED%96%A5%EC%88%98
샴푸	https://www.hwahae.co.kr/search?query=%EC%83%B4%ED%91%B8
세럼	https://www.hwahae.co.kr/search?query=%EC%84%B8%EB%9F%BC
치약	https://www.hwahae.co.kr/search?query=%EC%B9%98%EC%95%BD
침대	https://ohou.se/search?query=%EC%B9%A8%EB%8C%80
책상	https://ohou.se/search?query=%EC%B1%85%EC%83%81
강아지사료	https://www.pet-friends.co.kr/search?query=%EA%B0%95%EC%95%84%EC%A7%80%EC%82%AC%EB%A3%8C
고양이간식	https://www.pet-friends.co.kr/search?query=%EA%B3%A0%EC%96%91%EC%9D%B4%EA%B0%84%EC%8B%9D
라면	https://search.shopping.naver.com/search/all?query=%EB%9D%BC%EB%A9%B4
김치	https://search.shopping.naver.com/search/all?query=%EA%B9%80%EC%B9%98
과자	https://search.shopping.naver.com/search/all?query=%EA%B3%BC%EC%9E%90
떡볶이	https://search.shopping.naver.com/search/all?query=%EB%96%A1%EB%B3%B6%EC%9D%B4
떡	https://search.shopping.naver.com/search/all?query=%EB%96%A1
소금빵	https://search.shopping.naver.com/search/all?query=%EC%86%8C%EA%B8%88%EB%B9%B5
우유	https://search.shopping.naver.com/search/all?query=%EC%9A%B0%EC%9C%A0
생수	https://search.shopping.naver.com/search/all?query=%EC%83%9D%EC%88%98
삼겹살	https://search.shopping.naver.com/search/all?query=%EC%82%BC%EA%B2%B9%EC%82%B4
꿀	https://search.shopping.naver.com/search/all?query=%EA%BF%80
홍삼	https://search.shopping.naver.com/search/all?query=%ED%99%8D%EC%82%BC
서울	https://land.naver.com/search/result.naver?query=%EC%84%9C%EC%9A%B8
부산	https://land.naver.com/search/result.naver?query=%EB%B6%80%EC%82%B0
제주도	https://land.naver.com/search/result.naver?query=%EC%A0%9C%EC%A3%BC%EB%8F%84
인천	https://land.naver.com/search/result.naver?query=%EC%9D%B8%EC%B2%9C
대구	https://land.naver.com/search/result.naver?query=%EB%8C%80%EA%B5%AC
대전	https://land.naver.com/search/result.naver?query=%EB%8C%80%EC%A0%84
광주	https://land.naver.com/search/result.naver?query=%EA%B4%91%EC%A3%BC
수원	https://land.naver.com/search/result.naver?query=%EC%88%98%EC%9B%90
강남	https://land.naver.com/search/result.naver?query=%EA%B0%95%EB%82%A8
이태원	https://map.naver.com/p/search/%EC%9D%B4%ED%83%9C%EC%9B%90
날씨	https://weather.naver.com
뉴스	https://search.naver.com/search.naver?where=news&query=%EB%89%B4%EC%8A%A4
다이어트	https://search.shopping.naver.com/search/all?query=%EB%8B%A4%EC%9D%B4%EC%96%B4%ED%8A%B8
농구	https://search.naver.com/search.naver?query=%EB%86%8D%EA%B5%AC
여행	https://flightdeal.kr/
